customer_id,total_spent,customer_name,email,cumulative_spent,cumulative_percent
10,9587.25,Dennis Ruiz,phillipshoward@mclaughlin.com,9587.25,0.1493840929956004
19,7455.68,John Adams,jacksoncarolyn@gmail.com,17042.93,0.2655550486362104
3,6909.41,Amanda Miller,brandon49@martin-davidson.com,23952.34,0.37321427792351713
6,6358.4400000000005,Alice Ingram,tanya62@lee-maldonado.org,30310.78,0.47228854763244776
24,6336.85,Michele Walker,brian27@knight.com,36647.63,0.571026411952161
4,6085.589999999999,Mr. John Robinson,michaelday@gmail.com,42733.219999999994,0.665849259222556
2,5970.41,Stuart Guzman,osborndana@gmail.com,48703.62999999999,0.7588774250325497
